,Neighbourhood,Neighborhood Latitude,Neighborhood Longitude,Venue,Venue Latitude,Venue Longitude,Venue Category
0,"Malvern,Rouge",43.806686299999996,-79.19435340000001,Paradise Salon and Med Spa,43.802074,-79.199198,Salon / Barbershop
1,"Malvern,Rouge",43.806686299999996,-79.19435340000001,The Experience,43.80122065712124,-79.19783804136077,Salon / Barbershop
2,"Malvern,Rouge",43.806686299999996,-79.19435340000001,First Choice Haircutters,43.799770989581745,-79.19797577282293,Salon / Barbershop
3,"Malvern,Rouge",43.806686299999996,-79.19435340000001,Nice One Nails,43.798647016737554,-79.19591528916169,Salon / Barbershop
4,"Rouge Hill,Port Union,Highland Creek",43.7845351,-79.16049709999999,The Right Cut,43.78358873479618,-79.16883834238348,Salon / Barbershop
5,"Guildwood,Morningside,West Hill",43.7635726,-79.1887115,All In One Hair & Nails,43.762348,-79.183546,Salon / Barbershop
6,"Guildwood,Morningside,West Hill",43.7635726,-79.1887115,Rexall,43.768806,-79.188405,Salon / Barbershop
7,"Guildwood,Morningside,West Hill",43.7635726,-79.1887115,First Choice Haircutters,43.76921867036633,-79.1845377449764,Salon / Barbershop
8,"Guildwood,Morningside,West Hill",43.7635726,-79.1887115,Magicuts,43.7705231,-79.1864221,Salon / Barbershop
9,"Guildwood,Morningside,West Hill",43.7635726,-79.1887115,Hair Gurus Corporation,43.759324,-79.19738,Salon / Barbershop
10,"Guildwood,Morningside,West Hill",43.7635726,-79.1887115,Lechelle's Adams,43.771108,-79.18712,Salon / Barbershop
11,Woburn,43.7709921,-79.21691740000001,Herbal Esthetics And Hairstyling,43.767471,-79.22751,Salon / Barbershop
12,Scarborough Village,43.7447342,-79.23947609999999,Elaine Unisex Barbershop,43.743893075353775,-79.2448643873715,Salon / Barbershop
13,Scarborough Village,43.7447342,-79.23947609999999,Michi Me's,43.7476643665424,-79.24380530196575,Salon / Barbershop
14,Scarborough Village,43.7447342,-79.23947609999999,Reeny's Hair Design,43.747773,-79.245601,Salon / Barbershop
15,Scarborough Village,43.7447342,-79.23947609999999,The Fade Factory,43.73730005613855,-79.2360976123577,Salon / Barbershop
16,Ionview,43.7279292,-79.26202940000002,Monique Hair Design,43.727249,-79.265877,Salon / Barbershop
17,Ionview,43.7279292,-79.26202940000002,Cut Creator,43.73381,-79.25807,Salon / Barbershop
18,Ionview,43.7279292,-79.26202940000002,Diana beauty salon,43.73206780577376,-79.27024597120732,Salon / Barbershop
19,Ionview,43.7279292,-79.26202940000002,Super D's Salon,43.734517,-79.257379,Salon / Barbershop
20,"Clairlea,Oakridge",43.711111700000004,-79.2845772,Peter's Barber Shop,43.7108005955391,-79.29139937751069,Salon / Barbershop
21,"Clairlea,Oakridge",43.711111700000004,-79.2845772,Star Men's Hairstyling Barbershop,43.70798836939416,-79.29587384093873,Salon / Barbershop
22,"Clairlea,Oakridge",43.711111700000004,-79.2845772,Hair Star,43.707615,-79.29604,Salon / Barbershop
23,"Cliffside,Cliffcrest",43.716316,-79.23947609999999,Marilyn's & V's Hairstyling,43.720788,-79.242126,Salon / Barbershop
24,"Cliffside,Cliffcrest",43.716316,-79.23947609999999,Marilyn's Hairstyling,43.720909827192386,-79.2459326444853,Salon / Barbershop
25,Birch Cliff,43.692657000000004,-79.2648481,Hair by Nature,43.68962097167969,-79.26764678955078,Salon / Barbershop
26,Dorset Park,43.7574096,-79.27330400000001,Fresh Fades Barbershop,43.75340777994169,-79.27683413028717,Salon / Barbershop
27,Dorset Park,43.7574096,-79.27330400000001,New Lifestyle Hair Design,43.761859079338656,-79.28008843198096,Salon / Barbershop
28,Dorset Park,43.7574096,-79.27330400000001,Suo Bi Hair Salon,43.750811,-79.277459,Salon / Barbershop
29,Dorset Park,43.7574096,-79.27330400000001,Perms And Cuts,43.7643098,-79.2779509,Salon / Barbershop
30,Dorset Park,43.7574096,-79.27330400000001,Skinz Barber Shop,43.751589,-79.264046,Salon / Barbershop
31,"Wexford,Maryvale",43.750071500000004,-79.2958491,Monica's Nails & Spa,43.74574256311016,-79.2930559996509,Salon / Barbershop
32,"Wexford,Maryvale",43.750071500000004,-79.2958491,First Choice Haircutters,43.747041076527786,-79.28704261779785,Salon / Barbershop
33,"Wexford,Maryvale",43.750071500000004,-79.2958491,R & D Beauty Hair Salon,43.74729,-79.284428,Salon / Barbershop
34,"Wexford,Maryvale",43.750071500000004,-79.2958491,Habeeb Barber Shop,43.74333035863171,-79.30362796921419,Salon / Barbershop
35,Agincourt,43.7942003,-79.26202940000002,New Wave Hair Studio,43.78796556055985,-79.26608958791658,Salon / Barbershop
36,Agincourt,43.7942003,-79.26202940000002,Cut Kings - Barber Shop,43.787791,-79.266589,Salon / Barbershop
37,Milliken,43.8152522,-79.2845772,Peter's Hair Design,43.81409926473368,-79.291470926582,Salon / Barbershop
38,Milliken,43.8152522,-79.2845772,Po Feer Hair Salon 花之髮,43.81057388617327,-79.28765123034651,Salon / Barbershop
39,Milliken,43.8152522,-79.2845772,Vogue Hair Stylist,43.820334,-79.294663,Salon / Barbershop
40,Henry Farm,43.7785175,-79.3465557,De Berardini's,43.77806925637981,-79.34264197549473,Salon / Barbershop
41,Henry Farm,43.7785175,-79.3465557,The Barber's Chair,43.77784255803471,-79.34282179754372,Salon / Barbershop
42,Henry Farm,43.7785175,-79.3465557,Tonic Studio,43.778222681112105,-79.34273548831791,Salon / Barbershop
43,Henry Farm,43.7785175,-79.3465557,Sunshine Spa and Nails,43.77798192957758,-79.34260347031066,Salon / Barbershop
44,Henry Farm,43.7785175,-79.3465557,Trade Secrets,43.77790108971357,-79.3431920491143,Salon / Barbershop
45,Henry Farm,43.7785175,-79.3465557,Hair King,43.78566584544128,-79.3525648022791,Salon / Barbershop
46,Bayview Village,43.7869473,-79.385975,Hairafter Salon & Spa,43.78787444873151,-79.38104578211711,Salon / Barbershop
47,Bayview Village,43.7869473,-79.385975,Siamak Hair Design,43.78930859842125,-79.39315813091113,Salon / Barbershop
48,Bayview Village,43.7869473,-79.385975,Siamak Hair Design,43.789824,-79.393121,Salon / Barbershop
49,Bayview Village,43.7869473,-79.385975,Haute Coiffure,43.791871,-79.392512,Salon / Barbershop
50,"Willowdale,Newtonbrook",43.789053,-79.40849279999999,Izzy Hair And Colour,43.785379,-79.416373,Salon / Barbershop
51,"Willowdale,Newtonbrook",43.789053,-79.40849279999999,JJs Salon,43.79319520050908,-79.41904343639548,Salon / Barbershop
52,Willowdale,43.7701199,-79.40849279999999,Salon de elephant,43.77312107625139,-79.41381379220725,Salon / Barbershop
53,Willowdale,43.7701199,-79.40849279999999,Fiorio Gibson Square,43.76944620505899,-79.41315726860543,Salon / Barbershop
54,Willowdale,43.7701199,-79.40849279999999,Rexall,43.768616,-79.413782,Salon / Barbershop
55,Willowdale,43.7701199,-79.40849279999999,Hair happiness,43.76416555587333,-79.41164523433382,Salon / Barbershop
56,Willowdale,43.7701199,-79.40849279999999,Salon de Elephant,43.76282821353353,-79.41173318078397,Salon / Barbershop
57,Willowdale,43.7827364,-79.4422593,Katerina Rapoport Inc,43.78001814809708,-79.44422006607056,Salon / Barbershop
58,Willowdale,43.7827364,-79.4422593,Ben Abramob Haircut Salon,43.784000396728516,-79.44882202148438,Salon / Barbershop
59,Parkwoods,43.7532586,-79.3296565,Hair J,43.760681,-79.32691,Salon / Barbershop
60,Parkwoods,43.7532586,-79.3296565,Parkwoods Hairstyling,43.76078245308056,-79.32465277741258,Salon / Barbershop
61,Parkwoods,43.7532586,-79.3296565,Donwood Men's Hairstylists,43.74545303494991,-79.32506541266062,Salon / Barbershop
62,Don Mills,43.745905799999996,-79.352188,DBK Salon,43.75385818220874,-79.35797441229002,Salon / Barbershop
63,Don Mills,43.745905799999996,-79.352188,Ace's Chair at DBK,43.75385266699368,-79.35798763936593,Salon / Barbershop
64,Don Mills,43.745905799999996,-79.352188,Uptown Spa Toronto,43.75297442798781,-79.3586367853416,Salon / Barbershop
65,Don Mills,43.72589970000001,-79.340923,A&I Hair Salon,43.725627,-79.341758,Salon / Barbershop
66,Don Mills,43.72589970000001,-79.340923,Pure Skin,43.72389072191016,-79.33600233095068,Salon / Barbershop
67,Don Mills,43.72589970000001,-79.340923,Donato Salon & Spa,43.73424095721129,-79.34447920857065,Salon / Barbershop
68,Don Mills,43.72589970000001,-79.340923,Aphrodite Spa,43.73434971139756,-79.34393002268723,Salon / Barbershop
69,Don Mills,43.72589970000001,-79.340923,salon elle,43.728824615478516,-79.3293228149414,Salon / Barbershop
70,"Bathurst Manor,Wilson Heights",43.7543283,-79.4422593,Fantasy Cuts,43.756571,-79.439344,Salon / Barbershop
71,"Bathurst Manor,Wilson Heights",43.7543283,-79.4422593,Sweety,43.755493,-79.437848,Salon / Barbershop
72,"Bathurst Manor,Wilson Heights",43.7543283,-79.4422593,Salon Sarah Hair & Spa,43.753462083723505,-79.45156429622668,Salon / Barbershop
73,"Bathurst Manor,Wilson Heights",43.7543283,-79.4422593,Eli's Salon & Barbershop,43.74688,-79.436615,Salon / Barbershop
74,Downsview,43.737473200000004,-79.46476329999999,Enzo Salon,43.73125341237957,-79.46389811370565,Salon / Barbershop
75,Downsview,43.737473200000004,-79.46476329999999,Jillian'a Vision of Beauty,43.73113492924592,-79.46494737317211,Salon / Barbershop
76,Downsview,43.737473200000004,-79.46476329999999,Stylist On Call,43.73188691627972,-79.46898221969604,Salon / Barbershop
77,Downsview,43.737473200000004,-79.46476329999999,Studio Paonessa,43.731053641568785,-79.46501878830196,Salon / Barbershop
78,Downsview,43.737473200000004,-79.46476329999999,Eren berber,43.73048,-79.46716,Salon / Barbershop
79,Downsview,43.737473200000004,-79.46476329999999,The Jagged Edge,43.730759,-79.458727,Salon / Barbershop
80,Downsview,43.7390146,-79.5069436,Marta's Centre Beauty,43.735324895163885,-79.51165197047125,Salon / Barbershop
81,Downsview,43.7390146,-79.5069436,Upstyle Passion Salon,43.73611067928732,-79.51284343864903,Salon / Barbershop
82,Downsview,43.7390146,-79.5069436,Upstyle Passion Salon (UPS),43.73974451566631,-79.51376585495196,Salon / Barbershop
83,Downsview,43.7284964,-79.49569740000001,Rexall,43.723763,-79.48937,Salon / Barbershop
84,Downsview,43.7616313,-79.52099940000001,Ruby's Hair Salon,43.757408,-79.5165099,Salon / Barbershop
85,Downsview,43.7616313,-79.52099940000001,Rexall,43.76659,-79.519852,Salon / Barbershop
86,The Beaches,43.67635739999999,-79.2930312,The Curl Lounge,43.678596,-79.29841,Salon / Barbershop
87,The Beaches,43.67635739999999,-79.2930312,First Choice Haircutters,43.67101447465027,-79.29529597025834,Salon / Barbershop
88,The Beaches,43.67635739999999,-79.2930312,Hair Dynamix,43.670916580700585,-79.29607304626283,Salon / Barbershop
89,The Beaches,43.67635739999999,-79.2930312,The Chopping Block,43.672843,-79.286481,Salon / Barbershop
90,The Beaches,43.67635739999999,-79.2930312,Parlour Salon,43.670933,-79.296363,Salon / Barbershop
91,The Beaches,43.67635739999999,-79.2930312,Fiorio Beaches,43.669913,-79.300529,Salon / Barbershop
92,Leaside,43.7090604,-79.3634517,Sola Salon Studios,43.71027586093832,-79.36292972934095,Salon / Barbershop
93,Leaside,43.7090604,-79.3634517,Leaside Barber Shop,43.71295554050216,-79.3671170967442,Salon / Barbershop
94,Leaside,43.7090604,-79.3634517,Blo Blow Dry Bar,43.7078182,-79.3756708,Salon / Barbershop
95,Thorncliffe Park,43.7053689,-79.34937190000001,Hair CiCi,43.70515823364258,-79.34662628173828,Salon / Barbershop
96,Riverdale,43.6795571,-79.352188,Bob and Paige,43.676892773228936,-79.35529927770634,Salon / Barbershop
97,Riverdale,43.6795571,-79.352188,Allure Body Bar,43.67930961860643,-79.34290082858878,Salon / Barbershop
98,Riverdale,43.6795571,-79.352188,Blo Blow Dry Bar,43.6783422,-79.3492772,Salon / Barbershop
99,Riverdale,43.6795571,-79.352188,Melonhead,43.67729151685706,-79.3540828352747,Salon / Barbershop
100,Riverdale,43.6795571,-79.352188,The Barbers,43.68592418269783,-79.34755766954086,Salon / Barbershop
101,Riverdale,43.6795571,-79.352188,Salon Elias,43.679594,-79.341694,Salon / Barbershop
102,Riverdale,43.6795571,-79.352188,-M-Hair,43.675104194455486,-79.34362649917603,Salon / Barbershop
103,Lawrence Park,43.7280205,-79.3887901,Salon and Barbershop at the Granite,43.7332763671875,-79.38268280029297,Salon / Barbershop
104,Lawrence Park,43.7280205,-79.3887901,Salon 186,43.72144723682777,-79.3956100974702,Salon / Barbershop
105,Lawrence Park,43.7153834,-79.40567840000001,Civello Salon,43.71511093497453,-79.40030409940266,Salon / Barbershop
106,Lawrence Park,43.7153834,-79.40567840000001,Blo Blow Dry Bar,43.7146804,-79.4003352,Salon / Barbershop
107,Lawrence Park,43.7153834,-79.40567840000001,Prayosha Threading & Wax Bar,43.71802658278472,-79.40071723604657,Salon / Barbershop
108,Lawrence Park,43.7153834,-79.40567840000001,Bogart's Salon & Spa,43.71254463096571,-79.39997509672807,Salon / Barbershop
109,Lawrence Park,43.7153834,-79.40567840000001,Salon Afif,43.71178202554528,-79.39933238950803,Salon / Barbershop
110,Lawrence Park,43.7153834,-79.40567840000001,Jalouse Hair,43.711512,-79.399064,Salon / Barbershop
111,Lawrence Park,43.7153834,-79.40567840000001,Epoca Hair Group,43.71055,-79.3991,Salon / Barbershop
112,Lawrence Park,43.7153834,-79.40567840000001,Confident Hair Inc.,43.70880336755541,-79.41020965576172,Salon / Barbershop
113,Lawrence Park,43.7153834,-79.40567840000001,Mazz Salon,43.709187324429,-79.39877116915727,Salon / Barbershop
114,Lawrence Park,43.7153834,-79.40567840000001,Pretty In The City,43.70925933171798,-79.3986044729494,Salon / Barbershop
115,Lawrence Park,43.7153834,-79.40567840000001,D Square Salon,43.708965,-79.398874,Salon / Barbershop
116,Lawrence Park,43.7153834,-79.40567840000001,Magicuts,43.70892295585044,-79.39872169234626,Salon / Barbershop
117,Davisville,43.7043244,-79.3887901,Madfactory Salon,43.70271502462457,-79.38761472702026,Salon / Barbershop
118,Davisville,43.7043244,-79.3887901,Evoke Salon,43.70639283882118,-79.3982260573892,Salon / Barbershop
119,Davisville,43.7043244,-79.3887901,Mankind Grooming Studio for Men,43.70808134678079,-79.39186360144187,Salon / Barbershop
120,Davisville,43.7043244,-79.3887901,B.T. Nail,43.703862008735605,-79.38829798713046,Salon / Barbershop
121,Davisville,43.7043244,-79.3887901,Desantis,43.705809382927534,-79.38917217209685,Salon / Barbershop
122,Davisville,43.7043244,-79.3887901,Pleasant Nails,43.705458386533934,-79.38895972938143,Salon / Barbershop
123,Davisville,43.7043244,-79.3887901,Topcuts,43.707577681787676,-79.39420269860561,Salon / Barbershop
124,Davisville,43.7043244,-79.3887901,Mode Hair Studio for Men,43.70290893042932,-79.39735651016234,Salon / Barbershop
125,Davisville,43.7043244,-79.3887901,Sweeny Todds Hair Design,43.700032,-79.396998,Salon / Barbershop
126,Davisville,43.7043244,-79.3887901,Ray Daniel Salon and Spa,43.706819,-79.399111,Salon / Barbershop
127,Davisville,43.7043244,-79.3887901,Magicuts,43.70892295585044,-79.39872169234626,Salon / Barbershop
128,Davisville,43.7043244,-79.3887901,Pretty In The City,43.70925933171798,-79.3986044729494,Salon / Barbershop
129,Davisville,43.7043244,-79.3887901,D Square Salon,43.708965,-79.398874,Salon / Barbershop
130,Davisville,43.7043244,-79.3887901,Mazz Salon,43.709187324429,-79.39877116915727,Salon / Barbershop
131,Davisville,43.7043244,-79.3887901,Fiorio Beauty Academy,43.698334,-79.396671,Trade School
132,Davisville,43.7043244,-79.3887901,Rexall,43.707276,-79.399547,Salon / Barbershop
133,Moore Park,43.6895743,-79.38315990000001,Cozy Spa Nails,43.687738474251134,-79.39394444406861,Salon / Barbershop
134,Moore Park,43.6895743,-79.38315990000001,The Living Room Hairstudio,43.68630953025748,-79.39332306343682,Salon / Barbershop
135,Moore Park,43.6895743,-79.38315990000001,Salon LYOL,43.687431335765076,-79.3940057605505,Salon / Barbershop
136,Moore Park,43.6895743,-79.38315990000001,Fiorio Salon & Spa,43.68853048964094,-79.39430995539385,Salon / Barbershop
137,Moore Park,43.6895743,-79.38315990000001,Blow dry lounge,43.68590302875716,-79.39326258821156,Salon / Barbershop
138,Moore Park,43.6895743,-79.38315990000001,Exit Salon,43.68498096143168,-79.3928062738732,Salon / Barbershop
139,Moore Park,43.6895743,-79.38315990000001,Rexall,43.688467,-79.393801,Salon / Barbershop
140,Moore Park,43.6895743,-79.38315990000001,Rosh Salon,43.68337089716702,-79.39196511021636,Salon / Barbershop
141,Moore Park,43.6895743,-79.38315990000001,Trade Secrets,43.68543937924174,-79.39330101013184,Salon / Barbershop
142,"South Hill,Deer Park",43.68641229999999,-79.4000493,Salon LYOL,43.687431335765076,-79.3940057605505,Salon / Barbershop
143,"South Hill,Deer Park",43.68641229999999,-79.4000493,Cozy Spa Nails,43.687738474251134,-79.39394444406861,Salon / Barbershop
144,"South Hill,Deer Park",43.68641229999999,-79.4000493,Fiorio Salon & Spa,43.68853048964094,-79.39430995539385,Salon / Barbershop
145,"South Hill,Deer Park",43.68641229999999,-79.4000493,The Living Room Hairstudio,43.68630953025748,-79.39332306343682,Salon / Barbershop
146,"South Hill,Deer Park",43.68641229999999,-79.4000493,Blow dry lounge,43.68590302875716,-79.39326258821156,Salon / Barbershop
147,"South Hill,Deer Park",43.68641229999999,-79.4000493,Exit Salon,43.68498096143168,-79.3928062738732,Salon / Barbershop
148,"South Hill,Deer Park",43.68641229999999,-79.4000493,Rexall,43.688467,-79.393801,Salon / Barbershop
149,"South Hill,Deer Park",43.68641229999999,-79.4000493,Trade Secrets,43.68543937924174,-79.39330101013184,Salon / Barbershop
150,"South Hill,Deer Park",43.68641229999999,-79.4000493,Rosh Salon,43.68337089716702,-79.39196511021636,Salon / Barbershop
151,"South Hill,Deer Park",43.68641229999999,-79.4000493,Kearns & Co. Hair,43.68287225008859,-79.39190463410311,Salon / Barbershop
152,"South Hill,Deer Park",43.68641229999999,-79.4000493,The Alcorn,43.682125072312104,-79.39174134835234,Salon / Barbershop
153,"South Hill,Deer Park",43.68641229999999,-79.4000493,Spanails,43.6829942,-79.39214,Salon / Barbershop
154,"South Hill,Deer Park",43.68641229999999,-79.4000493,Josephs hairstyling,43.681851329972126,-79.39129437292928,Salon / Barbershop
155,"South Hill,Deer Park",43.68641229999999,-79.4000493,Disegno Hair Salon,43.68672563983719,-79.41233963847668,Salon / Barbershop
156,Rosedale,43.6795626,-79.37752940000001,Colour Lab 12,43.67722258683838,-79.38951373100281,Salon / Barbershop
157,Rosedale,43.6795626,-79.37752940000001,Rexall,43.67165,-79.378245,Pharmacy
158,"St. James Town,Cabbagetown",43.667967,-79.3676753,Hastings Barber Shop Cabbagetown,43.66191718328384,-79.36910845764488,Salon / Barbershop
159,"St. James Town,Cabbagetown",43.667967,-79.3676753,Rexall,43.666116,-79.368323,Salon / Barbershop
160,"St. James Town,Cabbagetown",43.667967,-79.3676753,Rexall,43.67165,-79.378245,Pharmacy
161,Church and Wellesley,43.6658599,-79.38315990000001,Ho's Team Barber Shop,43.66563031656884,-79.38135926650858,Salon / Barbershop
162,Church and Wellesley,43.6658599,-79.38315990000001,Ho's Place,43.66603512316113,-79.38106934696896,Salon / Barbershop
163,Church and Wellesley,43.6658599,-79.38315990000001,The Men's Room,43.664445596525944,-79.38006704821788,Salon / Barbershop
164,Church and Wellesley,43.6658599,-79.38315990000001,Hair District,43.66486833951107,-79.38516137801109,Salon / Barbershop
165,Church and Wellesley,43.6658599,-79.38315990000001,Salon Solis,43.668356,-79.385921,Salon / Barbershop
166,Church and Wellesley,43.6658599,-79.38315990000001,Distinct Hair Design,43.66466515026272,-79.38000930453782,Salon / Barbershop
167,Church and Wellesley,43.6658599,-79.38315990000001,Rexall,43.665372,-79.38118,Salon / Barbershop
168,Church and Wellesley,43.6658599,-79.38315990000001,Fiorio Hair Design,43.670169709332704,-79.39140019059467,Salon / Barbershop
169,Church and Wellesley,43.6658599,-79.38315990000001,Solo Bace,43.672375999612214,-79.38765298875379,Salon / Barbershop
170,Church and Wellesley,43.6658599,-79.38315990000001,Industry Hairdressing & Beauty,43.66981813969712,-79.39167787240316,Salon / Barbershop
171,Church and Wellesley,43.6658599,-79.38315990000001,Earth Salon,43.671785,-79.391641,Salon / Barbershop
172,Church and Wellesley,43.6658599,-79.38315990000001,Salon Daniel Spa,43.670989522246344,-79.39147824579672,Salon / Barbershop
173,Church and Wellesley,43.6658599,-79.38315990000001,Concepts,43.670729614084046,-79.38695733808977,Salon / Barbershop
174,Church and Wellesley,43.6658599,-79.38315990000001,Hair Story,43.66257184461242,-79.38356918930369,Salon / Barbershop
175,Church and Wellesley,43.6658599,-79.38315990000001,Industry,43.66994715797594,-79.3917671882441,Salon / Barbershop
176,Church and Wellesley,43.6658599,-79.38315990000001,Toni & Guy,43.66844441317472,-79.39480835917645,Salon / Barbershop
177,Church and Wellesley,43.6658599,-79.38315990000001,Topcuts,43.665156,-79.384651,Salon / Barbershop
178,Church and Wellesley,43.6658599,-79.38315990000001,Michael's Barber Shop,43.665568,-79.381269,Salon / Barbershop
179,Church and Wellesley,43.6658599,-79.38315990000001,Hair n After,43.66578730501159,-79.38105677906732,Salon / Barbershop
180,Church and Wellesley,43.6658599,-79.38315990000001,J4U Salon and Spa,43.66531665976771,-79.38486601164671,Salon / Barbershop
181,Church and Wellesley,43.6658599,-79.38315990000001,ZaZo Hair Studio,43.66608329582996,-79.38552143293501,Salon / Barbershop
182,Church and Wellesley,43.6658599,-79.38315990000001,Hair Story 3,43.6649169921875,-79.38429260253906,Salon / Barbershop
183,Church and Wellesley,43.6658599,-79.38315990000001,Hair Happiness,43.66428883357523,-79.38446577067093,Salon / Barbershop
184,Church and Wellesley,43.6658599,-79.38315990000001,Afterglo Tan Bar,43.66750401341433,-79.38502659274793,Salon / Barbershop
185,Church and Wellesley,43.6658599,-79.38315990000001,Uptown Barber Shop,43.66771403135156,-79.38517504508185,Salon / Barbershop
186,Church and Wellesley,43.6658599,-79.38315990000001,JAZ Hair Studio,43.668101,-79.381886,Salon / Barbershop
187,Church and Wellesley,43.6658599,-79.38315990000001,K & B Barber & Hairstylist,43.664053544579886,-79.38020451155349,Salon / Barbershop
188,Church and Wellesley,43.6658599,-79.38315990000001,Colours Hair Studio,43.66280471948982,-79.38350906634413,Salon / Barbershop
189,Church and Wellesley,43.6658599,-79.38315990000001,Rexall,43.660485,-79.384455,Salon / Barbershop
190,Church and Wellesley,43.6658599,-79.38315990000001,Bora Bora Tanning,43.669658,-79.382251,Salon / Barbershop
191,Church and Wellesley,43.6658599,-79.38315990000001,Salon One,43.663709603726794,-79.38030707093135,Salon / Barbershop
192,Church and Wellesley,43.6658599,-79.38315990000001,Top Ten Tattoos,43.668279,-79.386181,Salon / Barbershop
193,Church and Wellesley,43.6658599,-79.38315990000001,Haartek Salon,43.66881808681523,-79.3876767060013,Salon / Barbershop
194,Church and Wellesley,43.6658599,-79.38315990000001,N15 Hair Salon,43.661854,-79.386121,Salon / Barbershop
195,Church and Wellesley,43.6658599,-79.38315990000001,Boyd's Barber Shop,43.66118850597661,-79.38241894418144,Salon / Barbershop
196,Church and Wellesley,43.6658599,-79.38315990000001,Topcuts,43.660802163182574,-79.38539659110565,Salon / Barbershop
197,Church and Wellesley,43.6658599,-79.38315990000001,Magicuts,43.660489,-79.384447,Salon / Barbershop
198,Church and Wellesley,43.6658599,-79.38315990000001,Andre Pierre,43.669783146641315,-79.38876531974381,Salon / Barbershop
199,Church and Wellesley,43.6658599,-79.38315990000001,Hair Excel,43.67104774976666,-79.38776776789896,Salon / Barbershop
200,Church and Wellesley,43.6658599,-79.38315990000001,Hair Concepts,43.6701609192077,-79.38940858548008,Salon / Barbershop
201,Church and Wellesley,43.6658599,-79.38315990000001,Throne Barbershop,43.65943273007969,-79.38220595316575,Salon / Barbershop
202,Church and Wellesley,43.6658599,-79.38315990000001,Church Street Barbershop,43.66016069109369,-79.37857250197301,Salon / Barbershop
203,Church and Wellesley,43.6658599,-79.38315990000001,Terry's Hair Studio,43.65926953376077,-79.38226093721481,Salon / Barbershop
204,Church and Wellesley,43.6658599,-79.38315990000001,Trade Secrets,43.67019979032955,-79.38847303390503,Salon / Barbershop
205,Church and Wellesley,43.6658599,-79.38315990000001,Rexall,43.67034,-79.388262,Salon / Barbershop
206,Church and Wellesley,43.6658599,-79.38315990000001,Topcuts,43.672234237043895,-79.38778666756694,Salon / Barbershop
207,Church and Wellesley,43.6658599,-79.38315990000001,Blyss Salon Inc.,43.67066629970747,-79.39077207413237,Salon / Barbershop
208,Church and Wellesley,43.6658599,-79.38315990000001,Paul Pecorella Aveda Salon,43.67016326540583,-79.3914101028323,Salon / Barbershop
209,Church and Wellesley,43.6658599,-79.38315990000001,See Fu Hair Salon,43.67018127441406,-79.39156341552734,Salon / Barbershop
210,Church and Wellesley,43.6658599,-79.38315990000001,Urban Textures,43.65843240884967,-79.38402590784064,Salon / Barbershop
211,Garden District,43.6571618,-79.37893709999999,Kamiya Hairdressing,43.654733945538446,-79.37904845592371,Salon / Barbershop
212,Garden District,43.6571618,-79.37893709999999,L'attitudes,43.65440418610564,-79.38097430190884,Salon / Barbershop
213,Garden District,43.6571618,-79.37893709999999,John Allans,43.651446635211904,-79.38135389611388,Salon / Barbershop
214,Garden District,43.6571618,-79.37893709999999,The Men's Room,43.664445596525944,-79.38006704821788,Salon / Barbershop
215,Garden District,43.6571618,-79.37893709999999,Ho's Team Barber Shop,43.66563031656884,-79.38135926650858,Salon / Barbershop
216,Garden District,43.6571618,-79.37893709999999,Aveda Institute Toronto,43.65009640955562,-79.37362952211767,Salon / Barbershop
217,Garden District,43.6571618,-79.37893709999999,Terminal Barber Shop 2,43.655516,-79.385548,Salon / Barbershop
218,Garden District,43.6571618,-79.37893709999999,Hastings Barber Shop Cabbagetown,43.66191718328384,-79.36910845764488,Salon / Barbershop
219,Garden District,43.6571618,-79.37893709999999,Distinct Hair Design,43.66466515026272,-79.38000930453782,Salon / Barbershop
220,Garden District,43.6571618,-79.37893709999999,Hair District,43.66486833951107,-79.38516137801109,Salon / Barbershop
221,Garden District,43.6571618,-79.37893709999999,Terminal Barbershop,43.655874,-79.383983,Salon / Barbershop
222,Garden District,43.6571618,-79.37893709999999,P&H Salon & Spa,43.64965124383938,-79.37535057059037,Salon / Barbershop
223,Garden District,43.6571618,-79.37893709999999,Rexall,43.665372,-79.38118,Salon / Barbershop
224,Garden District,43.6571618,-79.37893709999999,Hair Story,43.66257184461242,-79.38356918930369,Salon / Barbershop
225,Garden District,43.6571618,-79.37893709999999,Merchandise Building Hair Salon,43.65646818455547,-79.37682835542365,Salon / Barbershop
226,Garden District,43.6571618,-79.37893709999999,Slick Wax Bar,43.65624487895722,-79.37705755233765,Salon / Barbershop
227,Garden District,43.6571618,-79.37893709999999,Spellbound Hair Design - Downtown,43.655076090586434,-79.38023750269997,Salon / Barbershop
228,Garden District,43.6571618,-79.37893709999999,Salon Liberte,43.65822424815527,-79.38182263484794,Salon / Barbershop
229,Garden District,43.6571618,-79.37893709999999,James Hair Salon,43.65545101401286,-79.37666286345586,Salon / Barbershop
230,Garden District,43.6571618,-79.37893709999999,Rexall,43.660485,-79.384455,Salon / Barbershop
231,Garden District,43.6571618,-79.37893709999999,Church Street Barbershop,43.66016069109369,-79.37857250197301,Salon / Barbershop
232,Garden District,43.6571618,-79.37893709999999,Onyx Barbers,43.653682444816795,-79.37974919343912,Salon / Barbershop
233,Garden District,43.6571618,-79.37893709999999,L'attitudes Salon & Spa - Eaton Centre,43.6544,-79.3808,Salon / Barbershop
234,Garden District,43.6571618,-79.37893709999999,Terry's Hair Studio,43.65926953376077,-79.38226093721481,Salon / Barbershop
235,Garden District,43.6571618,-79.37893709999999,Throne Barbershop,43.65943273007969,-79.38220595316575,Salon / Barbershop
236,Garden District,43.6571618,-79.37893709999999,Trade Secrets,43.65503631171795,-79.38070890822802,Salon / Barbershop
237,Garden District,43.6571618,-79.37893709999999,Natural Solutions,43.65372196432075,-79.37988559653151,Salon / Barbershop
238,Garden District,43.6571618,-79.37893709999999,Nino D'Arena,43.653487938676314,-79.3805827868418,Salon / Barbershop
239,Garden District,43.6571618,-79.37893709999999,Urban Textures,43.65843240884967,-79.38402590784064,Salon / Barbershop
240,Garden District,43.6571618,-79.37893709999999,Rexall,43.6593968,-79.3818779,Salon / Barbershop
241,Garden District,43.6571618,-79.37893709999999,Rexall,43.656219,-79.38329,Salon / Barbershop
242,Garden District,43.6571618,-79.37893709999999,Top Cuts,43.65554247894697,-79.38466920652299,Salon / Barbershop
243,Garden District,43.6571618,-79.37893709999999,Topcuts,43.65550131590566,-79.38470219607849,Salon / Barbershop
244,Garden District,43.6571618,-79.37893709999999,Rosy Nails & Spa,43.65547660102801,-79.38483965243316,Salon / Barbershop
245,Garden District,43.6571618,-79.37893709999999,Boyd's Barber Shop,43.66118850597661,-79.38241894418144,Salon / Barbershop
246,Garden District,43.6571618,-79.37893709999999,The Lid Lounge,43.65284292955885,-79.3757780928356,Salon / Barbershop
247,Garden District,43.6571618,-79.37893709999999,Magicuts,43.660489,-79.384447,Salon / Barbershop
248,Garden District,43.6571618,-79.37893709999999,Lift Salon and Spa,43.653458588862826,-79.37356205469912,Salon / Barbershop
249,Garden District,43.6571618,-79.37893709999999,Topcuts,43.660802163182574,-79.38539659110565,Salon / Barbershop
250,Garden District,43.6571618,-79.37893709999999,Rexall,43.6519771,-79.3788576,Salon / Barbershop
251,Garden District,43.6571618,-79.37893709999999,Istilo Salon,43.65659885575848,-79.38772069064323,Salon / Barbershop
252,Garden District,43.6571618,-79.37893709999999,Colours Hair Studio,43.66280471948982,-79.38350906634413,Salon / Barbershop
253,Garden District,43.6571618,-79.37893709999999,Perfect Threading Beauty Salon,43.654829209035846,-79.38759973282761,Salon / Barbershop
254,Garden District,43.6571618,-79.37893709999999,K & B Barber & Hairstylist,43.664053544579886,-79.38020451155349,Salon / Barbershop
255,Garden District,43.6571618,-79.37893709999999,N15 Hair Salon,43.661854,-79.386121,Salon / Barbershop
256,Garden District,43.6571618,-79.37893709999999,Time for Nails,43.65670591717706,-79.38438879479546,Salon / Barbershop
257,Garden District,43.6571618,-79.37893709999999,World Salon,43.651411,-79.372915,Salon / Barbershop
258,Garden District,43.6571618,-79.37893709999999,Truefitt & Hill,43.64972116478409,-79.37922576886125,Salon / Barbershop
259,Garden District,43.6571618,-79.37893709999999,Salon One,43.663709603726794,-79.38030707093135,Salon / Barbershop
260,Garden District,43.6571618,-79.37893709999999,Qi Salon,43.64971798131599,-79.37604203429204,Salon / Barbershop
261,St. James Town,43.6514939,-79.3754179,Aveda Institute Toronto,43.65009640955562,-79.37362952211767,Salon / Barbershop
262,St. James Town,43.6514939,-79.3754179,Kamiya Hairdressing,43.654733945538446,-79.37904845592371,Salon / Barbershop
263,St. James Town,43.6514939,-79.3754179,John Allans,43.651446635211904,-79.38135389611388,Salon / Barbershop
264,St. James Town,43.6514939,-79.3754179,P&H Salon & Spa,43.64965124383938,-79.37535057059037,Salon / Barbershop
265,St. James Town,43.6514939,-79.3754179,L'attitudes,43.65440418610564,-79.38097430190884,Salon / Barbershop
266,St. James Town,43.6514939,-79.3754179,Terminal Barber Shop 2,43.655516,-79.385548,Salon / Barbershop
267,St. James Town,43.6514939,-79.3754179,Rexall,43.648182,-79.37387,Salon / Barbershop
268,St. James Town,43.6514939,-79.3754179,Terminal Barbershop,43.655874,-79.383983,Salon / Barbershop
269,St. James Town,43.6514939,-79.3754179,Maverick Studio for Men,43.64807093946902,-79.38308790743551,Salon / Barbershop
270,St. James Town,43.6514939,-79.3754179,The Lid Lounge,43.65284292955885,-79.3757780928356,Salon / Barbershop
271,St. James Town,43.6514939,-79.3754179,World Salon,43.651411,-79.372915,Salon / Barbershop
272,St. James Town,43.6514939,-79.3754179,Qi Salon,43.64971798131599,-79.37604203429204,Salon / Barbershop
273,St. James Town,43.6514939,-79.3754179,Ivan's Hair Salon,43.64954227377798,-79.37674929817042,Salon / Barbershop
274,St. James Town,43.6514939,-79.3754179,Topcuts,43.64943111261695,-79.37684966291505,Salon / Barbershop
275,St. James Town,43.6514939,-79.3754179,Lift Salon and Spa,43.653458588862826,-79.37356205469912,Salon / Barbershop
276,St. James Town,43.6514939,-79.3754179,Natural Solutions,43.64931950283669,-79.37809855238247,Salon / Barbershop
277,St. James Town,43.6514939,-79.3754179,CurlBar Beauty Salon,43.650108503402905,-79.37155768275261,Salon / Barbershop
278,St. James Town,43.6514939,-79.3754179,Truefitt & Hill,43.64972116478409,-79.37922576886125,Salon / Barbershop
279,St. James Town,43.6514939,-79.3754179,Onyx Barbers,43.653682444816795,-79.37974919343912,Salon / Barbershop
280,St. James Town,43.6514939,-79.3754179,Rexall,43.6519771,-79.3788576,Salon / Barbershop
281,St. James Town,43.6514939,-79.3754179,Natural Solutions,43.65372196432075,-79.37988559653151,Salon / Barbershop
282,St. James Town,43.6514939,-79.3754179,Adam Barber Shop,43.648914866198375,-79.37121954095198,Salon / Barbershop
283,St. James Town,43.6514939,-79.3754179,James Hair Salon,43.65545101401286,-79.37666286345586,Salon / Barbershop
284,St. James Town,43.6514939,-79.3754179,Nino D'Arena,43.653487938676314,-79.3805827868418,Salon / Barbershop
285,St. James Town,43.6514939,-79.3754179,Hair Market Salon,43.649778572977354,-79.36999440198632,Salon / Barbershop
286,St. James Town,43.6514939,-79.3754179,Langton Salon & Spa,43.65097594770377,-79.36937178316566,Salon / Barbershop
287,St. James Town,43.6514939,-79.3754179,Hair FX,43.648240735566176,-79.37975912992557,Salon / Barbershop
288,St. James Town,43.6514939,-79.3754179,HairClub,43.6487,-79.37845,Health & Beauty Service
289,St. James Town,43.6514939,-79.3754179,L'attitudes Salon & Spa - Eaton Centre,43.6544,-79.3808,Salon / Barbershop
290,St. James Town,43.6514939,-79.3754179,Rexall Drugstore,43.6480079,-79.3776947,Salon / Barbershop
291,St. James Town,43.6514939,-79.3754179,Tony's Place,43.64882827547713,-79.38105128059239,Salon / Barbershop
292,St. James Town,43.6514939,-79.3754179,Slick Wax Bar,43.65624487895722,-79.37705755233765,Salon / Barbershop
293,St. James Town,43.6514939,-79.3754179,Spellbound Hair Design - Downtown,43.655076090586434,-79.38023750269997,Salon / Barbershop
294,St. James Town,43.6514939,-79.3754179,Merchandise Building Hair Salon,43.65646818455547,-79.37682835542365,Salon / Barbershop
295,St. James Town,43.6514939,-79.3754179,La Danald's Nail's,43.65175278458166,-79.3684094237172,Salon / Barbershop
296,St. James Town,43.6514939,-79.3754179,Capri Hair Salon,43.651697966349076,-79.36835914850235,Salon / Barbershop
297,St. James Town,43.6514939,-79.3754179,Gents Barbershop,43.651759,-79.368269,Salon / Barbershop
298,St. James Town,43.6514939,-79.3754179,Rexall,43.648179,-79.379506,Salon / Barbershop
299,St. James Town,43.6514939,-79.3754179,Truefitt & Hill,43.64660660535747,-79.37902784303485,Salon / Barbershop
300,St. James Town,43.6514939,-79.3754179,Taylor & Colt,43.64669537894484,-79.37943471479882,Salon / Barbershop
301,St. James Town,43.6514939,-79.3754179,Blo Blow Dry Bar,43.6464188,-79.3798169,Salon / Barbershop
302,St. James Town,43.6514939,-79.3754179,Trade Secrets,43.65503631171795,-79.38070890822802,Salon / Barbershop
303,St. James Town,43.6514939,-79.3754179,Blo Blow Dry Bar,43.64854159,-79.38325812,Salon / Barbershop
304,St. James Town,43.6514939,-79.3754179,Rexall,43.648566,-79.381807,Salon / Barbershop
305,St. James Town,43.6514939,-79.3754179,Polish'd Nail Bar,43.648145,-79.383326,Salon / Barbershop
306,St. James Town,43.6514939,-79.3754179,The Men's Salon,43.64549463851768,-79.38135552896715,Salon / Barbershop
307,St. James Town,43.6514939,-79.3754179,Melanger Salon,43.64773190274606,-79.38331662462413,Salon / Barbershop
308,St. James Town,43.6514939,-79.3754179,Rexall,43.649972,-79.383223,Salon / Barbershop
309,St. James Town,43.6514939,-79.3754179,Trade Secrets,43.6469449782313,-79.38119888305664,Salon / Barbershop
310,St. James Town,43.6514939,-79.3754179,Blo Blow Dry Bar,43.648617,-79.383325,Salon / Barbershop
311,Toronto Islands,43.6408157,-79.38175229999999,Room1Six,43.64296721718972,-79.39098361600747,Salon / Barbershop
312,Toronto Islands,43.6408157,-79.38175229999999,Lakeview tower nails & spa,43.63789892625724,-79.39148911017506,Salon / Barbershop
313,Toronto Islands,43.6408157,-79.38175229999999,Maverick Studio for Men,43.64807093946902,-79.38308790743551,Salon / Barbershop
314,Toronto Islands,43.6408157,-79.38175229999999,Maverick Studio For Men,43.642794,-79.383897,Salon / Barbershop
315,Toronto Islands,43.6408157,-79.38175229999999,Rexall,43.6411095,-79.3786642,Salon / Barbershop
316,Toronto Islands,43.6408157,-79.38175229999999,The Men's Salon,43.64549463851768,-79.38135552896715,Salon / Barbershop
317,Toronto Islands,43.6408157,-79.38175229999999,Blo Blow Dry Bar,43.6464188,-79.3798169,Salon / Barbershop
318,Toronto Islands,43.6408157,-79.38175229999999,Truefitt & Hill,43.64660660535747,-79.37902784303485,Salon / Barbershop
319,Toronto Islands,43.6408157,-79.38175229999999,Taylor & Colt,43.64669537894484,-79.37943471479882,Salon / Barbershop
320,Toronto Islands,43.6408157,-79.38175229999999,Melanger Salon,43.64773190274606,-79.38331662462413,Salon / Barbershop
321,Toronto Islands,43.6408157,-79.38175229999999,Ferraro Hair & Body,43.646695090511315,-79.38711040186887,Salon / Barbershop
322,Toronto Islands,43.6408157,-79.38175229999999,Trade Secrets,43.6469449782313,-79.38119888305664,Salon / Barbershop
323,Toronto Islands,43.6408157,-79.38175229999999,Polish'd Nail Bar,43.648145,-79.383326,Salon / Barbershop
324,Toronto Islands,43.6408157,-79.38175229999999,Hair FX,43.648240735566176,-79.37975912992557,Salon / Barbershop
325,Toronto Islands,43.6408157,-79.38175229999999,Blo Blow Dry Bar,43.64854159,-79.38325812,Salon / Barbershop
326,Toronto Islands,43.6408157,-79.38175229999999,Tony's Place,43.64882827547713,-79.38105128059239,Salon / Barbershop
327,Toronto Islands,43.6408157,-79.38175229999999,Rexall,43.648179,-79.379506,Salon / Barbershop
328,Toronto Islands,43.6408157,-79.38175229999999,Soho Hotel Salon Daniel,43.64527893815516,-79.3918936384419,Salon / Barbershop
329,Toronto Islands,43.6408157,-79.38175229999999,Sleuth & Statesman,43.64829250241194,-79.3835924575725,Salon / Barbershop
330,Toronto Islands,43.6408157,-79.38175229999999,Rexall,43.648566,-79.381807,Salon / Barbershop
331,Toronto Islands,43.6408157,-79.38175229999999,Salon Daniel Spa,43.645719,-79.39179,Salon / Barbershop
332,Toronto Islands,43.6408157,-79.38175229999999,Rexall Drugstore,43.6480079,-79.3776947,Salon / Barbershop
333,Toronto Islands,43.6408157,-79.38175229999999,Blo Blow Dry Bar,43.648617,-79.383325,Salon / Barbershop
334,Toronto Islands,43.6408157,-79.38175229999999,Natural Solutions,43.64931950283669,-79.37809855238247,Salon / Barbershop
335,Toronto Islands,43.6408157,-79.38175229999999,Blo Shangri-la,43.649278,-79.385955,Salon / Barbershop
336,Toronto Islands,43.6408157,-79.38175229999999,HairClub,43.6487,-79.37845,Health & Beauty Service
337,Bedford Park,43.7332825,-79.4197497,Anna K Salon,43.73445556831888,-79.41995030741553,Salon / Barbershop
338,Bedford Park,43.7332825,-79.4197497,Marc Anthony,43.73353617385097,-79.41975902273813,Salon / Barbershop
339,Bedford Park,43.7332825,-79.4197497,Mosaic Hair Group,43.731452837320376,-79.41928699689592,Salon / Barbershop
340,Bedford Park,43.7332825,-79.4197497,Fiorio,43.730966,-79.418968,Salon / Barbershop
341,Bedford Park,43.7332825,-79.4197497,La Beauty Boutique,43.7296593,-79.4183097,Salon / Barbershop
342,Bedford Park,43.7332825,-79.4197497,Salon M Squared,43.739530363462215,-79.42344903945923,Salon / Barbershop
343,"The Annex,Yorkville",43.6727097,-79.40567840000001,Sassoon Salon,43.67051366876922,-79.39469382457094,Salon / Barbershop
344,"The Annex,Yorkville",43.6727097,-79.40567840000001,Toni & Guy,43.66844441317472,-79.39480835917645,Salon / Barbershop
345,"The Annex,Yorkville",43.6727097,-79.40567840000001,Monsieur (Barber Shop & Spa),43.66658444661374,-79.40437161393592,Salon / Barbershop
346,"The Annex,Yorkville",43.6727097,-79.40567840000001,Alex Cuts,43.665985764321334,-79.40697295870824,Salon / Barbershop
347,"The Annex,Yorkville",43.6727097,-79.40567840000001,Novo Spa,43.67151034538091,-79.3953259042116,Salon / Barbershop
348,"The Annex,Yorkville",43.6727097,-79.40567840000001,Hair on the Avenue,43.67365954144899,-79.39615458826285,Salon / Barbershop
349,"The Annex,Yorkville",43.6727097,-79.40567840000001,ÖRYA beauty boutique,43.673421057042155,-79.39604440763785,Salon / Barbershop
350,"The Annex,Yorkville",43.6727097,-79.40567840000001,Gliss,43.673746,-79.395891,Salon / Barbershop
351,"The Annex,Yorkville",43.6727097,-79.40567840000001,lloyd's barber shop,43.66666732416424,-79.4118664021142,Salon / Barbershop
352,"The Annex,Yorkville",43.6727097,-79.40567840000001,Health Valley Salon & Spa,43.666137,-79.406946,Salon / Barbershop
353,"The Annex,Yorkville",43.6727097,-79.40567840000001,Jie Prive Salon,43.67507169136989,-79.39544516902392,Salon / Barbershop
354,"The Annex,Yorkville",43.6727097,-79.40567840000001,Marc Anthony Salon,43.67102160377856,-79.39495038191984,Salon / Barbershop
355,"The Annex,Yorkville",43.6727097,-79.40567840000001,Rexall,43.665782,-79.407117,Pharmacy
356,"The Annex,Yorkville",43.6727097,-79.40567840000001,Topcuts,43.66482944967227,-79.40289964083776,Salon / Barbershop
357,"The Annex,Yorkville",43.6727097,-79.40567840000001,Mancave Barbers Lounge,43.665247,-79.41028,Salon / Barbershop
358,"The Annex,Yorkville",43.6727097,-79.40567840000001,In'i Salon,43.66488419515235,-79.41050192285651,Salon / Barbershop
359,"Kensington Market,Grange Park",43.6532057,-79.4000493,Crows Nest Barbershop,43.65291641773915,-79.40005502846344,Salon / Barbershop
360,"Kensington Market,Grange Park",43.6532057,-79.4000493,SeeFu Hair,43.65092528400248,-79.39731384105279,Salon / Barbershop
361,"Kensington Market,Grange Park",43.6532057,-79.4000493,The Original Grooming Experts,43.64740666261556,-79.39846247525037,Salon / Barbershop
362,"Kensington Market,Grange Park",43.6532057,-79.4000493,The Joint Hair Salon,43.65163300883686,-79.40886938144219,Salon / Barbershop
363,"Kensington Market,Grange Park",43.6532057,-79.4000493,Proper Barbers,43.654494116894845,-79.40051293637144,Salon / Barbershop
364,"Kensington Market,Grange Park",43.6532057,-79.4000493,Chura Hair Salon,43.65499042390505,-79.39994539665648,Salon / Barbershop
365,"Kensington Market,Grange Park",43.6532057,-79.4000493,W Lifestyle,43.64666112634895,-79.40626553423954,Salon / Barbershop
366,"Kensington Market,Grange Park",43.6532057,-79.4000493,Civello Salon & Spa,43.6500197743058,-79.38940017059696,Salon / Barbershop
367,"Kensington Market,Grange Park",43.6532057,-79.4000493,Brennen Demelo Studios,43.6474380169071,-79.39168658277089,Salon / Barbershop
368,"Kensington Market,Grange Park",43.6532057,-79.4000493,The Cabinet Salon,43.64764036906222,-79.40129406386491,Salon / Barbershop
369,"Kensington Market,Grange Park",43.6532057,-79.4000493,John Steinberg & Associates,43.644483,-79.399913,Salon / Barbershop
370,"Kensington Market,Grange Park",43.6532057,-79.4000493,Mankind Grooming Studio for Men,43.6475447145094,-79.3981785558685,Salon / Barbershop
371,"Kensington Market,Grange Park",43.6532057,-79.4000493,Mosheta Salon & Spa,43.647538750017105,-79.40247502457632,Salon / Barbershop
372,"Kensington Market,Grange Park",43.6532057,-79.4000493,The Loft Toronto,43.64706656917314,-79.40455427610388,Salon / Barbershop
373,"Kensington Market,Grange Park",43.6532057,-79.4000493,Her Majesty's Pleasure,43.64477987349422,-79.39871406461174,Salon / Barbershop
374,"Kensington Market,Grange Park",43.6532057,-79.4000493,Rexall,43.657701,-79.40038,Salon / Barbershop
375,"Kensington Market,Grange Park",43.6532057,-79.4000493,U Hair Fashion,43.652566591533216,-79.40050284085567,Salon / Barbershop
376,"Kensington Market,Grange Park",43.6532057,-79.4000493,People Hair Salon,43.652653,-79.39958,Salon / Barbershop
377,"Kensington Market,Grange Park",43.6532057,-79.4000493,Shampoo Hair Studio,43.654125863037876,-79.4001730869854,Salon / Barbershop
378,"Kensington Market,Grange Park",43.6532057,-79.4000493,Good Day Hairshop,43.65410012605878,-79.40002457286806,Salon / Barbershop
379,"Kensington Market,Grange Park",43.6532057,-79.4000493,Dreamland Hair Salon,43.65270210263396,-79.39984351871253,Salon / Barbershop
380,"Kensington Market,Grange Park",43.6532057,-79.4000493,Rexall,43.6532454,-79.3978534,Salon / Barbershop
381,"Kensington Market,Grange Park",43.6532057,-79.4000493,Curl Up & Dye,43.654953,-79.40351,Salon / Barbershop
382,"Kensington Market,Grange Park",43.6532057,-79.4000493,Estyle,43.65347885294342,-79.39570905439672,Salon / Barbershop
383,"Kensington Market,Grange Park",43.6532057,-79.4000493,Image Makeover,43.64835283263658,-79.3981554558452,Salon / Barbershop
384,"Kensington Market,Grange Park",43.6532057,-79.4000493,Cooney for Hair,43.64871885294383,-79.3962356276976,Salon / Barbershop
385,"Kensington Market,Grange Park",43.6532057,-79.4000493,Pat's Barber Shop,43.65404099530682,-79.39285025607616,Salon / Barbershop
386,"Kensington Market,Grange Park",43.6532057,-79.4000493,King's Landing Barber Shoppe,43.656931403995145,-79.40577153072967,Salon / Barbershop
387,"Kensington Market,Grange Park",43.6532057,-79.4000493,Aristotelis Hair Styling,43.647932278464076,-79.39622270160973,Salon / Barbershop
388,"Kensington Market,Grange Park",43.6532057,-79.4000493,Del Monaco Hair Studio,43.647893,-79.395388,Salon / Barbershop
389,"Kensington Market,Grange Park",43.6532057,-79.4000493,HAGEN HAIR & BARBER,43.654417,-79.391031,Salon / Barbershop
390,"Kensington Market,Grange Park",43.6532057,-79.4000493,The Groomed Society,43.646750068703476,-79.40360632861959,Salon / Barbershop
391,"Kensington Market,Grange Park",43.6532057,-79.4000493,Strut Studio,43.64673311038849,-79.40359228246268,Salon / Barbershop
392,"Kensington Market,Grange Park",43.6532057,-79.4000493,Loft Hair Lounge,43.646580710996695,-79.40321297935897,Salon / Barbershop
393,"Kensington Market,Grange Park",43.6532057,-79.4000493,Mad One Barbershop,43.649775,-79.39138998,Salon / Barbershop
394,"Kensington Market,Grange Park",43.6532057,-79.4000493,June Croken hairdresser on fire,43.64988738581958,-79.39117341978609,Salon / Barbershop
395,"Kensington Market,Grange Park",43.6532057,-79.4000493,1BodyBar,43.64925844368463,-79.39321517944336,Salon / Barbershop
396,"Kensington Market,Grange Park",43.6532057,-79.4000493,Powder Beauty Boutique,43.646997,-79.405499,Salon / Barbershop
397,"Kensington Market,Grange Park",43.6532057,-79.4000493,Corrado's Barber Shop,43.646304440581304,-79.40363839726493,Salon / Barbershop
398,"Kensington Market,Grange Park",43.6532057,-79.4000493,Third Floor Hair Boutique,43.646663160950744,-79.40691249241513,Salon / Barbershop
399,"Kensington Market,Grange Park",43.6532057,-79.4000493,Harlots,43.6465947620369,-79.40683553525756,Salon / Barbershop
400,"Kensington Market,Grange Park",43.6532057,-79.4000493,Manstop Barbershop,43.65017436787679,-79.38937009962166,Salon / Barbershop
401,"Kensington Market,Grange Park",43.6532057,-79.4000493,Enzo's barber shop,43.655775,-79.411135,Salon / Barbershop
402,"Kensington Market,Grange Park",43.6532057,-79.4000493,Head Candy,43.64606383086979,-79.40672009940096,Salon / Barbershop
403,"Kensington Market,Grange Park",43.6532057,-79.4000493,Hair by Miranda,43.64746623757765,-79.40906330900803,Salon / Barbershop
404,"Kensington Market,Grange Park",43.6532057,-79.4000493,Barberella,43.65112293144199,-79.41190907343287,Salon / Barbershop
405,"Kensington Market,Grange Park",43.6532057,-79.4000493,Blo Blow Dry Bar,43.6443746,-79.4011695,Salon / Barbershop
406,"Kensington Market,Grange Park",43.6532057,-79.4000493,Hayley Bloomfield Co,43.644337,-79.399799,Salon / Barbershop
407,"Kensington Market,Grange Park",43.6532057,-79.4000493,Rexall,43.657522,-79.389992,Salon / Barbershop
408,"Kensington Market,Grange Park",43.6532057,-79.4000493,Heartbreaker,43.651029103955935,-79.41178265062534,Salon / Barbershop
409,"Lawrence Manor,Lawrence Heights",43.718517999999996,-79.46476329999999,Eyelash Canada Beauty School and Eyelash Extensions Salon,43.71928201270124,-79.4615712761879,Salon / Barbershop
410,"Lawrence Manor,Lawrence Heights",43.718517999999996,-79.46476329999999,CosmoProf,43.718584,-79.457552,Salon / Barbershop
411,"Lawrence Manor,Lawrence Heights",43.718517999999996,-79.46476329999999,Salon TestaRossa,43.720461,-79.456136,Salon / Barbershop
412,"Lawrence Manor,Lawrence Heights",43.718517999999996,-79.46476329999999,Kuts & Kurls Salon & Spa,43.721017,-79.456264,Salon / Barbershop
413,Little Portugal,43.647926700000006,-79.4197497,Town Barber,43.649492613941675,-79.42012785151636,Salon / Barbershop
414,Little Portugal,43.647926700000006,-79.4197497,Parlour Salon,43.64439546318878,-79.41899512363884,Salon / Barbershop
415,Little Portugal,43.647926700000006,-79.4197497,Hero Heroine,43.64900419974215,-79.42068636417389,Salon / Barbershop
416,Little Portugal,43.647926700000006,-79.4197497,Salon Goulart,43.650153345490345,-79.41696034737946,Salon / Barbershop
417,Little Portugal,43.647926700000006,-79.4197497,Garrison's by the park Barbershop,43.644989,-79.409211,Salon / Barbershop
418,Little Portugal,43.647926700000006,-79.4197497,B Suite,43.640013276055726,-79.42132888738338,Salon / Barbershop
419,Little Portugal,43.647926700000006,-79.4197497,Sparks,43.641531915019165,-79.41463828038101,Nail Salon
420,Little Portugal,43.647926700000006,-79.4197497,The Joint Hair Salon,43.65163300883686,-79.40886938144219,Salon / Barbershop
421,Little Portugal,43.647926700000006,-79.4197497,Lebel & Crowe,43.64623681862607,-79.40853957159074,Salon / Barbershop
422,Little Portugal,43.647926700000006,-79.4197497,Coupe Bizzarre,43.64628999792103,-79.40871598675727,Salon / Barbershop
423,Little Portugal,43.647926700000006,-79.4197497,Bellwoods Barber,43.650519421291094,-79.415091351104,Salon / Barbershop
424,Little Portugal,43.647926700000006,-79.4197497,Blood & Bandages Barber Shop,43.65369908184254,-79.4260041910216,Salon / Barbershop
425,Little Portugal,43.647926700000006,-79.4197497,Town Barber,43.64948357482689,-79.42035913467406,Salon / Barbershop
426,Little Portugal,43.647926700000006,-79.4197497,Lush & Lavish,43.64891560565167,-79.42065381333718,Salon / Barbershop
427,Little Portugal,43.647926700000006,-79.4197497,Rexall,43.647666,-79.420343,Salon / Barbershop
428,Little Portugal,43.647926700000006,-79.4197497,Dat Salon,43.644476148364504,-79.41819190979004,Salon / Barbershop
429,Little Portugal,43.647926700000006,-79.4197497,Darren Kwik,43.64509487740333,-79.41429458437965,Salon / Barbershop
430,Little Portugal,43.647926700000006,-79.4197497,Doll Bar Inc,43.6433115707558,-79.42295551300049,Salon / Barbershop
431,Little Portugal,43.647926700000006,-79.4197497,Rexall Drugstore,43.6433518,-79.4226676,Salon / Barbershop
432,Little Portugal,43.647926700000006,-79.4197497,Town Barber,43.642921006090965,-79.42503699955587,Salon / Barbershop
433,Little Portugal,43.647926700000006,-79.4197497,Day And Night,43.649566,-79.428331,Salon / Barbershop
434,Little Portugal,43.647926700000006,-79.4197497,The Fitting Room,43.649553,-79.428354,Salon / Barbershop
435,Little Portugal,43.647926700000006,-79.4197497,Barberella,43.65112293144199,-79.41190907343287,Salon / Barbershop
436,Little Portugal,43.647926700000006,-79.4197497,Studio 861,43.654205,-79.423338,Salon / Barbershop
437,Little Portugal,43.647926700000006,-79.4197497,College Barber Shop,43.65450213094096,-79.42233011440973,Salon / Barbershop
438,Little Portugal,43.647926700000006,-79.4197497,West Salon and Spa,43.642751649003465,-79.4261937348923,Salon / Barbershop
439,Little Portugal,43.647926700000006,-79.4197497,Jasper Studio Salon And Spa,43.655069,-79.417647,Salon / Barbershop
440,Little Portugal,43.647926700000006,-79.4197497,L Squared Salon,43.655223,-79.418623,Salon / Barbershop
441,Little Portugal,43.647926700000006,-79.4197497,Heartbreaker,43.651029103955935,-79.41178265062534,Salon / Barbershop
442,Little Portugal,43.647926700000006,-79.4197497,Hair by Miranda,43.64746623757765,-79.40906330900803,Salon / Barbershop
443,Little Portugal,43.647926700000006,-79.4197497,Trends In Hair,43.65347254097334,-79.4273588347475,Salon / Barbershop
444,Little Portugal,43.647926700000006,-79.4197497,Medulla & Co,43.646001,-79.408895,Salon / Barbershop
445,Little Portugal,43.647926700000006,-79.4197497,Eye Love Brow & Beauty Bar,43.646232965429405,-79.40854161325365,Salon / Barbershop
446,Brockton,43.6368472,-79.42819140000002,Fringe,43.641601,-79.431697,Salon / Barbershop
447,Brockton,43.6368472,-79.42819140000002,B Suite,43.640013276055726,-79.42132888738338,Salon / Barbershop
448,Brockton,43.6368472,-79.42819140000002,Salon Tocci,43.63802683176681,-79.41887057135168,Salon / Barbershop
449,Brockton,43.6368472,-79.42819140000002,L Studio & Salon,43.63722983249726,-79.4252539502205,Salon / Barbershop
450,Brockton,43.6368472,-79.42819140000002,Redd Hair Studio,43.63902621419558,-79.4253912738817,Salon / Barbershop
451,Brockton,43.6368472,-79.42819140000002,The Village Barbershop,43.63895,-79.421646,Salon / Barbershop
452,Brockton,43.6368472,-79.42819140000002,West Salon and Spa,43.642751649003465,-79.4261937348923,Salon / Barbershop
453,Brockton,43.6368472,-79.42819140000002,Leesa Berry Haircutting,43.64098488839989,-79.43457443160108,Salon / Barbershop
454,Brockton,43.6368472,-79.42819140000002,Town Barber,43.642921006090965,-79.42503699955587,Salon / Barbershop
455,Brockton,43.6368472,-79.42819140000002,Doll Bar Inc,43.6433115707558,-79.42295551300049,Salon / Barbershop
456,Brockton,43.6368472,-79.42819140000002,Axe & Hatchet,43.63883,-79.416685,Salon / Barbershop
457,Brockton,43.6368472,-79.42819140000002,Rexall Drugstore,43.6433518,-79.4226676,Salon / Barbershop
458,Brockton,43.6368472,-79.42819140000002,Sparks,43.63909024001392,-79.41622933137641,Nail Salon
459,Mount Dennis,43.6911158,-79.47601329999999,Ther's Beauty Salon,43.690613,-79.473077,Salon / Barbershop
460,Mount Dennis,43.6911158,-79.47601329999999,Kolors Inc.,43.686457,-79.473328,Salon / Barbershop
461,Mount Dennis,43.6911158,-79.47601329999999,The Barber Stop,43.698998,-79.476594,Salon / Barbershop
462,Mount Dennis,43.6911158,-79.47601329999999,Elite Hair,43.692715,-79.464175,Salon / Barbershop
463,Runnymede,43.67318529999999,-79.48726190000001,Tom's Barber Shop,43.66959,-79.483,Salon / Barbershop
464,Runnymede,43.67318529999999,-79.48726190000001,Tuff Cuts Barbers,43.668999454978525,-79.48321684725025,Salon / Barbershop
465,"Parkdale,Roncesvalles",43.6489597,-79.456325,Grateful Head,43.646056426750306,-79.44886522152173,Salon / Barbershop
466,"Parkdale,Roncesvalles",43.6489597,-79.456325,First Choice Haircutters,43.65500883645997,-79.45907452794582,Salon / Barbershop
467,"Parkdale,Roncesvalles",43.6489597,-79.456325,Benny's Barber Shop,43.654978432247965,-79.45945373515143,Salon / Barbershop
468,"Parkdale,Roncesvalles",43.6489597,-79.456325,Holden Grace,43.654354,-79.462973,Salon / Barbershop
469,"Parkdale,Roncesvalles",43.6489597,-79.456325,Tans Unlimited,43.6561616804297,-79.45345636734085,Salon / Barbershop
470,"Runnymede,Swansea",43.6515706,-79.4844499,Red Label Hair Co,43.65155614193459,-79.47496929398226,Salon / Barbershop
471,"Runnymede,Swansea",43.6515706,-79.4844499,Evoke Salon,43.65081434920814,-79.47758469679276,Salon / Barbershop
472,"Runnymede,Swansea",43.6515706,-79.4844499,JC Salons,43.650328494441,-79.48029355653354,Salon / Barbershop
473,"Runnymede,Swansea",43.6515706,-79.4844499,Capucci Salon Spa,43.650984943942,-79.47743458734654,Salon / Barbershop
474,"Runnymede,Swansea",43.6515706,-79.4844499,Runnymede Barber Shop,43.65087515349824,-79.47612992169859,Salon / Barbershop
475,"Runnymede,Swansea",43.6515706,-79.4844499,Blo Blow Dry Bar,43.651248,-79.475092,Salon / Barbershop
476,"New Toronto,Humber Bay Shores",43.6056466,-79.50132070000001,George's Barber Shop,43.61127112159614,-79.49639962176845,Salon / Barbershop
477,"New Toronto,Humber Bay Shores",43.6056466,-79.50132070000001,Black Collar Barber Shop,43.601815,-79.500147,Salon / Barbershop
478,"New Toronto,Humber Bay Shores",43.6056466,-79.50132070000001,Fusion hair and body,43.600291697885034,-79.50689143333639,Salon / Barbershop
479,"New Toronto,Humber Bay Shores",43.6056466,-79.50132070000001,GnG Beauty Supply & Salon,43.600608,-79.507207,Salon / Barbershop
480,"Alderwood,Long Branch",43.60241370000001,-79.54348409999999,Frank's Unisex Salon,43.601219554592134,-79.54511148453246,Salon / Barbershop
481,"Alderwood,Long Branch",43.60241370000001,-79.54348409999999,Barber Touch,43.605335,-79.547048,Salon / Barbershop
482,"Alderwood,Long Branch",43.60241370000001,-79.54348409999999,Ceasar's Barber,43.605605767445496,-79.54699956346136,Salon / Barbershop
483,"Alderwood,Long Branch",43.60241370000001,-79.54348409999999,Appearances Hair Studio,43.59984883370579,-79.55256052315235,Salon / Barbershop
484,"Alderwood,Long Branch",43.60241370000001,-79.54348409999999,West Endz Hair,43.60958997728752,-79.54720263938566,Salon / Barbershop
485,"Alderwood,Long Branch",43.60241370000001,-79.54348409999999,Hair Energy,43.60990093315718,-79.54792163428655,Salon / Barbershop
486,The Kingsway,43.653653600000005,-79.5069436,Taz Hair Co.,43.64850623533434,-79.50690790621078,Salon / Barbershop
487,The Kingsway,43.653653600000005,-79.5069436,Magicuts,43.64796974573396,-79.50767040252686,Salon / Barbershop
488,The Kingsway,43.653653600000005,-79.5069436,Magicuts,43.64784299999999,-79.5076684,Salon / Barbershop
489,The Kingsway,43.653653600000005,-79.5069436,Rico Of Italy,43.64757011621866,-79.50989493835291,Salon / Barbershop
490,The Kingsway,43.653653600000005,-79.5069436,Embu Hair,43.647379730216116,-79.5120906829834,Salon / Barbershop
491,Sunnylea,43.6362579,-79.49850909999999,Head Candy,43.631416058686334,-79.50754165649414,Salon / Barbershop
492,Sunnylea,43.6362579,-79.49850909999999,EMC2 Salon,43.627487,-79.498232,Salon / Barbershop
493,Sunnylea,43.6362579,-79.49850909999999,Salon Glamour,43.62726776753264,-79.49800113907736,Salon / Barbershop
494,Humber Valley Village,43.6678556,-79.53224240000002,Inna's Coiffure,43.663013,-79.531482,Salon / Barbershop
495,Markland Wood,43.6435152,-79.57720079999999,New Waves Hair,43.64161391489293,-79.57680296457221,Salon / Barbershop
496,Markland Wood,43.6435152,-79.57720079999999,Etobicort Barber Shop & Hairstyling,43.64467183961178,-79.56806764611446,Salon / Barbershop
497,Markland Wood,43.6435152,-79.57720079999999,Renforth Barber Shop,43.65049280102866,-79.58017176351048,Salon / Barbershop
498,Weston,43.706876,-79.51818840000001,Peter's World Famous Barbershop,43.700919,-79.517588,Salon / Barbershop
499,Weston,43.706876,-79.51818840000001,world famous peters barber shop,43.700814287998,-79.51766431331635,Salon / Barbershop
500,Weston,43.706876,-79.51818840000001,Barber Shop,43.703201304754515,-79.52488353266611,Salon / Barbershop
501,Weston,43.706876,-79.51818840000001,Trendé Barbershop,43.709501709252855,-79.50700125244308,Salon / Barbershop
502,Westmount,43.696319,-79.53224240000002,Intermezzo Hair Salon,43.701178,-79.528733,Salon / Barbershop
503,Westmount,43.696319,-79.53224240000002,Barber Shop,43.703201304754515,-79.52488353266611,Salon / Barbershop
504,Westmount,43.696319,-79.53224240000002,Barbed Shop,43.70116424560547,-79.52220916748047,Salon / Barbershop
505,Kingsview Village,43.6889054,-79.55472440000001,The Hairsryling Place,43.69427039544334,-79.54476020971364,Salon / Barbershop
506,Thistletown,43.739416399999996,-79.5884369,Hands,43.73916981023534,-79.58752891705004,Salon / Barbershop
507,Thistletown,43.739416399999996,-79.5884369,Patricia's,43.739167,-79.587573,Salon / Barbershop
508,Thistletown,43.739416399999996,-79.5884369,Milvan,43.739148,-79.587625,Salon / Barbershop
509,Thistletown,43.739416399999996,-79.5884369,Juan David,43.739195,-79.587565,Salon / Barbershop
510,Thistletown,43.739416399999996,-79.5884369,Barber,43.739222,-79.587545,Salon / Barbershop
511,Thistletown,43.739416399999996,-79.5884369,Blondie,43.73909,-79.587564,Salon / Barbershop
512,Thistletown,43.739416399999996,-79.5884369,Haircutters,43.73912645743925,-79.58761669454739,Salon / Barbershop
513,Thistletown,43.739416399999996,-79.5884369,Alba,43.739164,-79.587574,Salon / Barbershop
514,Thistletown,43.739416399999996,-79.5884369,Scissors,43.739085,-79.587583,Salon / Barbershop
515,Thistletown,43.739416399999996,-79.5884369,Juliana,43.739164,-79.587574,Salon / Barbershop
516,Thistletown,43.739416399999996,-79.5884369,Castaño,43.73922172366801,-79.58755086143235,Salon / Barbershop
517,Thistletown,43.739416399999996,-79.5884369,Rocky,43.739096,-79.587642,Salon / Barbershop
518,Thistletown,43.739416399999996,-79.5884369,Luis,43.739227,-79.587534,Salon / Barbershop
519,Thistletown,43.739416399999996,-79.5884369,Izabeth,43.739164,-79.587574,Salon / Barbershop
520,Thistletown,43.739416399999996,-79.5884369,Cj,43.739175,-79.587557,Salon / Barbershop
521,Thistletown,43.739416399999996,-79.5884369,Rams Hair,43.742065,-79.584017,Salon / Barbershop
522,Thistletown,43.739416399999996,-79.5884369,Harry Beauty Salon,43.741818,-79.595239,Salon / Barbershop
523,Thistletown,43.739416399999996,-79.5884369,Beauty Supply Warehouse,43.74361370251823,-79.59608682308169,Salon / Barbershop
